date,ticker,nav,aum,shares_outstanding,source_provider,source_url,ingested_at_utc,status
2026-04-15,AAOX,47.3569,264488426.61,5585000.0,tradr_axs,https://axsetf.filepoint.live/assets/data/NSDEAXS2.04152026.csv|https://axsetf.filepoint.live/assets/data/BBH_AXS_ETF_PVAL_WEB.20260415.csv,2026-04-16 14:47:50.359327+00:00,ok
2026-04-15,AMZO,17.3705,347409.35,20000.0,tradr_axs,https://axsetf.filepoint.live/assets/data/NSDEAXS2.04152026.csv|https://axsetf.filepoint.live/assets/data/BBH_AXS_ETF_PVAL_WEB.20260415.csv,2026-04-16 14:47:50.359327+00:00,ok
2026-04-15,APLX,17.556,85760817.13,4885000.0,tradr_axs,https://axsetf.filepoint.live/assets/data/NSDEAXS2.04152026.csv|https://axsetf.filepoint.live/assets/data/BBH_AXS_ETF_PVAL_WEB.20260415.csv,2026-04-16 14:47:50.359327+00:00,ok
2026-04-15,APLZ,10.7545,4624434.69,430000.0,tradr_axs,https://axsetf.filepoint.live/assets/data/NSDEAXS2.04152026.csv|https://axsetf.filepoint.live/assets/data/BBH_AXS_ETF_PVAL_WEB.20260415.csv,2026-04-16 14:47:50.359327+00:00,ok
2026-04-15,APPX,36.433,169898364.96,4663316.0,tradr_axs,https://axsetf.filepoint.live/assets/data/NSDEAXS2.04152026.csv|https://axsetf.filepoint.live/assets/data/BBH_AXS_ETF_PVAL_WEB.20260415.csv,2026-04-16 14:47:50.359327+00:00,ok
2026-04-15,ARCX,19.7476,10722599.55,542983.0,tradr_axs,https://axsetf.filepoint.live/assets/data/NSDEAXS2.04152026.csv|https://axsetf.filepoint.live/assets/data/BBH_AXS_ETF_PVAL_WEB.20260415.csv,2026-04-16 14:47:50.359327+00:00,ok
2026-04-15,ASTX,38.4989,216556551.38,5625000.0,tradr_axs,https://axsetf.filepoint.live/assets/data/NSDEAXS2.04152026.csv|https://axsetf.filepoint.live/assets/data/BBH_AXS_ETF_PVAL_WEB.20260415.csv,2026-04-16 14:47:50.359327+00:00,ok
2026-04-15,BEX,39.0329,64794595.05,1660000.0,tradr_axs,https://axsetf.filepoint.live/assets/data/NSDEAXS2.04152026.csv|https://axsetf.filepoint.live/assets/data/BBH_AXS_ETF_PVAL_WEB.20260415.csv,2026-04-16 14:47:50.359327+00:00,ok
2026-04-15,BEZ,5.4117,13394045.33,2475000.0,tradr_axs,https://axsetf.filepoint.live/assets/data/NSDEAXS2.04152026.csv|https://axsetf.filepoint.live/assets/data/BBH_AXS_ETF_PVAL_WEB.20260415.csv,2026-04-16 14:47:50.359327+00:00,ok
2026-04-15,CEGX,17.5001,7875052.13,450000.0,tradr_axs,https://axsetf.filepoint.live/assets/data/NSDEAXS2.04152026.csv|https://axsetf.filepoint.live/assets/data/BBH_AXS_ETF_PVAL_WEB.20260415.csv,2026-04-16 14:47:50.359327+00:00,ok
2026-04-15,CLSX,14.4117,22482284.68,1560000.0,tradr_axs,https://axsetf.filepoint.live/assets/data/NSDEAXS2.04152026.csv|https://axsetf.filepoint.live/assets/data/BBH_AXS_ETF_PVAL_WEB.20260415.csv,2026-04-16 14:47:50.359327+00:00,ok
2026-04-15,CLSZ,11.9497,836478.87,70000.0,tradr_axs,https://axsetf.filepoint.live/assets/data/NSDEAXS2.04152026.csv|https://axsetf.filepoint.live/assets/data/BBH_AXS_ETF_PVAL_WEB.20260415.csv,2026-04-16 14:47:50.359327+00:00,ok
2026-04-15,COHX,41.1465,55136248.21,1340000.0,tradr_axs,https://axsetf.filepoint.live/assets/data/NSDEAXS2.04152026.csv|https://axsetf.filepoint.live/assets/data/BBH_AXS_ETF_PVAL_WEB.20260415.csv,2026-04-16 14:47:50.359327+00:00,ok
2026-04-15,COZX,13.8795,13463113.43,970000.0,tradr_axs,https://axsetf.filepoint.live/assets/data/NSDEAXS2.04152026.csv|https://axsetf.filepoint.live/assets/data/BBH_AXS_ETF_PVAL_WEB.20260415.csv,2026-04-16 14:47:50.359327+00:00,ok
2026-04-15,CRDU,45.7118,85251683.24,1864982.0,tradr_axs,https://axsetf.filepoint.live/assets/data/NSDEAXS2.04152026.csv|https://axsetf.filepoint.live/assets/data/BBH_AXS_ETF_PVAL_WEB.20260415.csv,2026-04-16 14:47:50.359327+00:00,ok
2026-04-15,CSEX,24.0924,11082496.38,460000.0,tradr_axs,https://axsetf.filepoint.live/assets/data/NSDEAXS2.04152026.csv|https://axsetf.filepoint.live/assets/data/BBH_AXS_ETF_PVAL_WEB.20260415.csv,2026-04-16 14:47:50.359327+00:00,ok
2026-04-15,CWVX,43.7181,146760681.58,3356980.0,tradr_axs,https://axsetf.filepoint.live/assets/data/NSDEAXS2.04152026.csv|https://axsetf.filepoint.live/assets/data/BBH_AXS_ETF_PVAL_WEB.20260415.csv,2026-04-16 14:47:50.359327+00:00,ok
2026-04-15,DOGD,13.7966,2207456.14,160000.0,tradr_axs,https://axsetf.filepoint.live/assets/data/NSDEAXS2.04152026.csv|https://axsetf.filepoint.live/assets/data/BBH_AXS_ETF_PVAL_WEB.20260415.csv,2026-04-16 14:47:50.359327+00:00,ok
2026-04-15,ENPX,11.1891,3021046.22,270000.0,tradr_axs,https://axsetf.filepoint.live/assets/data/NSDEAXS2.04152026.csv|https://axsetf.filepoint.live/assets/data/BBH_AXS_ETF_PVAL_WEB.20260415.csv,2026-04-16 14:47:50.359327+00:00,ok
2026-04-15,FLYT,25.6056,8705895.92,340000.0,tradr_axs,https://axsetf.filepoint.live/assets/data/NSDEAXS2.04152026.csv|https://axsetf.filepoint.live/assets/data/BBH_AXS_ETF_PVAL_WEB.20260415.csv,2026-04-16 14:47:50.359327+00:00,ok
2026-04-15,GEVX,65.6804,32511821.72,495000.0,tradr_axs,https://axsetf.filepoint.live/assets/data/NSDEAXS2.04152026.csv|https://axsetf.filepoint.live/assets/data/BBH_AXS_ETF_PVAL_WEB.20260415.csv,2026-04-16 14:47:50.359327+00:00,ok
2026-04-15,HLXX,28.0262,700656.13,25000.0,tradr_axs,https://axsetf.filepoint.live/assets/data/NSDEAXS2.04152026.csv|https://axsetf.filepoint.live/assets/data/BBH_AXS_ETF_PVAL_WEB.20260415.csv,2026-04-16 14:47:50.359327+00:00,ok
2026-04-15,IBX,24.0055,360083.19,15000.0,tradr_axs,https://axsetf.filepoint.live/assets/data/NSDEAXS2.04152026.csv|https://axsetf.filepoint.live/assets/data/BBH_AXS_ETF_PVAL_WEB.20260415.csv,2026-04-16 14:47:50.359327+00:00,ok
2026-04-15,IREX,34.3194,54910451.85,1599981.0,tradr_axs,https://axsetf.filepoint.live/assets/data/NSDEAXS2.04152026.csv|https://axsetf.filepoint.live/assets/data/BBH_AXS_ETF_PVAL_WEB.20260415.csv,2026-04-16 14:47:50.359327+00:00,ok
2026-04-15,IREZ,13.6351,19293675.76,1415000.0,tradr_axs,https://axsetf.filepoint.live/assets/data/NSDEAXS2.04152026.csv|https://axsetf.filepoint.live/assets/data/BBH_AXS_ETF_PVAL_WEB.20260415.csv,2026-04-16 14:47:50.359327+00:00,ok
2026-04-15,JOBX,22.123,24556095.58,1109982.0,tradr_axs,https://axsetf.filepoint.live/assets/data/NSDEAXS2.04152026.csv|https://axsetf.filepoint.live/assets/data/BBH_AXS_ETF_PVAL_WEB.20260415.csv,2026-04-16 14:47:50.359327+00:00,ok
2026-04-15,LABX,35.2975,56592951.27,1603315.0,tradr_axs,https://axsetf.filepoint.live/assets/data/NSDEAXS2.04152026.csv|https://axsetf.filepoint.live/assets/data/BBH_AXS_ETF_PVAL_WEB.20260415.csv,2026-04-16 14:47:50.359327+00:00,ok
2026-04-15,LEUX,21.0614,1579601.34,75000.0,tradr_axs,https://axsetf.filepoint.live/assets/data/NSDEAXS2.04152026.csv|https://axsetf.filepoint.live/assets/data/BBH_AXS_ETF_PVAL_WEB.20260415.csv,2026-04-16 14:47:50.359327+00:00,ok
2026-04-15,LITX,38.9121,543601781.62,13970000.0,tradr_axs,https://axsetf.filepoint.live/assets/data/NSDEAXS2.04152026.csv|https://axsetf.filepoint.live/assets/data/BBH_AXS_ETF_PVAL_WEB.20260415.csv,2026-04-16 14:47:50.359327+00:00,ok
2026-04-15,LRCU,46.9842,28190547.23,600000.0,tradr_axs,https://axsetf.filepoint.live/assets/data/NSDEAXS2.04152026.csv|https://axsetf.filepoint.live/assets/data/BBH_AXS_ETF_PVAL_WEB.20260415.csv,2026-04-16 14:47:50.359327+00:00,ok
2026-04-15,MDBX,18.0384,2886141.41,160000.0,tradr_axs,https://axsetf.filepoint.live/assets/data/NSDEAXS2.04152026.csv|https://axsetf.filepoint.live/assets/data/BBH_AXS_ETF_PVAL_WEB.20260415.csv,2026-04-16 14:47:50.359327+00:00,ok
2026-04-15,NBIZ,3.7169,26742950.9,7195000.0,tradr_axs,https://axsetf.filepoint.live/assets/data/NSDEAXS2.04152026.csv|https://axsetf.filepoint.live/assets/data/BBH_AXS_ETF_PVAL_WEB.20260415.csv,2026-04-16 14:47:50.359327+00:00,ok
2026-04-15,NEBX,80.6245,160845772.01,1995000.0,tradr_axs,https://axsetf.filepoint.live/assets/data/NSDEAXS2.04152026.csv|https://axsetf.filepoint.live/assets/data/BBH_AXS_ETF_PVAL_WEB.20260415.csv,2026-04-16 14:47:50.359327+00:00,ok
2026-04-15,NNEX,6.3003,1417558.2,225000.0,tradr_axs,https://axsetf.filepoint.live/assets/data/NSDEAXS2.04152026.csv|https://axsetf.filepoint.live/assets/data/BBH_AXS_ETF_PVAL_WEB.20260415.csv,2026-04-16 14:47:50.359327+00:00,ok
2026-04-15,NVDS,24.24,20160420.26,831700.0,tradr_axs,https://axsetf.filepoint.live/assets/data/NSDEAXS2.04152026.csv|https://axsetf.filepoint.live/assets/data/BBH_AXS_ETF_PVAL_WEB.20260415.csv,2026-04-16 14:47:50.359327+00:00,ok
2026-04-15,NVTX,28.1641,23094600.36,820000.0,tradr_axs,https://axsetf.filepoint.live/assets/data/NSDEAXS2.04152026.csv|https://axsetf.filepoint.live/assets/data/BBH_AXS_ETF_PVAL_WEB.20260415.csv,2026-04-16 14:47:50.359327+00:00,ok
2026-04-15,OPEX,22.0373,10834638.24,491650.0,tradr_axs,https://axsetf.filepoint.live/assets/data/NSDEAXS2.04152026.csv|https://axsetf.filepoint.live/assets/data/BBH_AXS_ETF_PVAL_WEB.20260415.csv,2026-04-16 14:47:50.359327+00:00,ok
2026-04-15,PONX,9.4675,5112470.86,540000.0,tradr_axs,https://axsetf.filepoint.live/assets/data/NSDEAXS2.04152026.csv|https://axsetf.filepoint.live/assets/data/BBH_AXS_ETF_PVAL_WEB.20260415.csv,2026-04-16 14:47:50.359327+00:00,ok
2026-04-15,QBTX,15.2314,87961528.67,5775000.0,tradr_axs,https://axsetf.filepoint.live/assets/data/NSDEAXS2.04152026.csv|https://axsetf.filepoint.live/assets/data/BBH_AXS_ETF_PVAL_WEB.20260415.csv,2026-04-16 14:47:50.359327+00:00,ok
2026-04-15,QUBX,13.6015,24822483.79,1824982.0,tradr_axs,https://axsetf.filepoint.live/assets/data/NSDEAXS2.04152026.csv|https://axsetf.filepoint.live/assets/data/BBH_AXS_ETF_PVAL_WEB.20260415.csv,2026-04-16 14:47:50.359327+00:00,ok
2026-04-15,RGTU,25.6649,12746531.37,496652.0,tradr_axs,https://axsetf.filepoint.live/assets/data/NSDEAXS2.04152026.csv|https://axsetf.filepoint.live/assets/data/BBH_AXS_ETF_PVAL_WEB.20260415.csv,2026-04-16 14:47:50.359327+00:00,ok
2026-04-15,SMU,15.271,54130109.87,3544641.0,tradr_axs,https://axsetf.filepoint.live/assets/data/NSDEAXS2.04152026.csv|https://axsetf.filepoint.live/assets/data/BBH_AXS_ETF_PVAL_WEB.20260415.csv,2026-04-16 14:47:50.359327+00:00,ok
2026-04-15,SMZ,35.8787,5023017.11,140000.0,tradr_axs,https://axsetf.filepoint.live/assets/data/NSDEAXS2.04152026.csv|https://axsetf.filepoint.live/assets/data/BBH_AXS_ETF_PVAL_WEB.20260415.csv,2026-04-16 14:47:50.359327+00:00,ok
2026-04-15,SNPX,24.6,1476000.7,60000.0,tradr_axs,https://axsetf.filepoint.live/assets/data/NSDEAXS2.04152026.csv|https://axsetf.filepoint.live/assets/data/BBH_AXS_ETF_PVAL_WEB.20260415.csv,2026-04-16 14:47:50.359327+00:00,ok
2026-04-15,SNXX,68.8308,1219337550.6,17715000.0,tradr_axs,https://axsetf.filepoint.live/assets/data/NSDEAXS2.04152026.csv|https://axsetf.filepoint.live/assets/data/BBH_AXS_ETF_PVAL_WEB.20260415.csv,2026-04-16 14:47:50.359327+00:00,ok
2026-04-15,SRPU,12.0556,3556390.9,295000.0,tradr_axs,https://axsetf.filepoint.live/assets/data/NSDEAXS2.04152026.csv|https://axsetf.filepoint.live/assets/data/BBH_AXS_ETF_PVAL_WEB.20260415.csv,2026-04-16 14:47:50.359327+00:00,ok
2026-04-15,TARK,45.9353,24409089.8,531380.0,tradr_axs,https://axsetf.filepoint.live/assets/data/NSDEAXS2.04152026.csv|https://axsetf.filepoint.live/assets/data/BBH_AXS_ETF_PVAL_WEB.20260415.csv,2026-04-16 14:47:50.359327+00:00,ok
2026-04-15,TEMT,26.5811,54712439.58,2058318.0,tradr_axs,https://axsetf.filepoint.live/assets/data/NSDEAXS2.04152026.csv|https://axsetf.filepoint.live/assets/data/BBH_AXS_ETF_PVAL_WEB.20260415.csv,2026-04-16 14:47:50.359327+00:00,ok
2026-04-15,TSLQ,21.3954,162955144.05,7616350.0,tradr_axs,https://axsetf.filepoint.live/assets/data/NSDEAXS2.04152026.csv|https://axsetf.filepoint.live/assets/data/BBH_AXS_ETF_PVAL_WEB.20260415.csv,2026-04-16 14:47:50.359327+00:00,ok
2026-04-15,UNX,38.9141,4357836.91,111986.0,tradr_axs,https://axsetf.filepoint.live/assets/data/NSDEAXS2.04152026.csv|https://axsetf.filepoint.live/assets/data/BBH_AXS_ETF_PVAL_WEB.20260415.csv,2026-04-16 14:47:50.359327+00:00,ok
2026-04-15,UPSX,23.0395,34927505.21,1515983.0,tradr_axs,https://axsetf.filepoint.live/assets/data/NSDEAXS2.04152026.csv|https://axsetf.filepoint.live/assets/data/BBH_AXS_ETF_PVAL_WEB.20260415.csv,2026-04-16 14:47:50.359327+00:00,ok
2026-04-15,VOYX,14.2472,1495952.11,105000.0,tradr_axs,https://axsetf.filepoint.live/assets/data/NSDEAXS2.04152026.csv|https://axsetf.filepoint.live/assets/data/BBH_AXS_ETF_PVAL_WEB.20260415.csv,2026-04-16 14:47:50.359327+00:00,ok
2026-04-15,WDCX,48.5223,42214369.7,870000.0,tradr_axs,https://axsetf.filepoint.live/assets/data/NSDEAXS2.04152026.csv|https://axsetf.filepoint.live/assets/data/BBH_AXS_ETF_PVAL_WEB.20260415.csv,2026-04-16 14:47:50.359327+00:00,ok
2026-04-15,WULX,34.2373,11127135.91,325000.0,tradr_axs,https://axsetf.filepoint.live/assets/data/NSDEAXS2.04152026.csv|https://axsetf.filepoint.live/assets/data/BBH_AXS_ETF_PVAL_WEB.20260415.csv,2026-04-16 14:47:50.359327+00:00,ok
2026-04-16,AALG,,,,tradr_axs,https://axsetf.filepoint.live/assets/data/NSDEAXS2.04162026.csv,2026-04-16 14:47:50.359327+00:00,missing
2026-04-16,AAPB,,,,tradr_axs,https://axsetf.filepoint.live/assets/data/NSDEAXS2.04162026.csv,2026-04-16 14:47:50.359327+00:00,missing
2026-04-16,AAPU,,,,tradr_axs,https://axsetf.filepoint.live/assets/data/NSDEAXS2.04162026.csv,2026-04-16 14:47:50.359327+00:00,missing
2026-04-16,AAPW,,,,tradr_axs,https://axsetf.filepoint.live/assets/data/NSDEAXS2.04162026.csv,2026-04-16 14:47:50.359327+00:00,missing
2026-04-16,AAPX,,,,tradr_axs,https://axsetf.filepoint.live/assets/data/NSDEAXS2.04162026.csv,2026-04-16 14:47:50.359327+00:00,missing
2026-04-16,ABNG,,,,tradr_axs,https://axsetf.filepoint.live/assets/data/NSDEAXS2.04162026.csv,2026-04-16 14:47:50.359327+00:00,missing
2026-04-16,ABNY,,,,tradr_axs,https://axsetf.filepoint.live/assets/data/NSDEAXS2.04162026.csv,2026-04-16 14:47:50.359327+00:00,missing
2026-04-16,ADBG,,,,tradr_axs,https://axsetf.filepoint.live/assets/data/NSDEAXS2.04162026.csv,2026-04-16 14:47:50.359327+00:00,missing
2026-04-16,ADBU,,,,tradr_axs,https://axsetf.filepoint.live/assets/data/NSDEAXS2.04162026.csv,2026-04-16 14:47:50.359327+00:00,missing
2026-04-16,AFRU,,,,tradr_axs,https://axsetf.filepoint.live/assets/data/NSDEAXS2.04162026.csv,2026-04-16 14:47:50.359327+00:00,missing
2026-04-16,AIYY,,,,tradr_axs,https://axsetf.filepoint.live/assets/data/NSDEAXS2.04162026.csv,2026-04-16 14:47:50.359327+00:00,missing
2026-04-16,ALBG,,,,tradr_axs,https://axsetf.filepoint.live/assets/data/NSDEAXS2.04162026.csv,2026-04-16 14:47:50.359327+00:00,missing
2026-04-16,AMDG,,,,tradr_axs,https://axsetf.filepoint.live/assets/data/NSDEAXS2.04162026.csv,2026-04-16 14:47:50.359327+00:00,missing
2026-04-16,AMDL,,,,tradr_axs,https://axsetf.filepoint.live/assets/data/NSDEAXS2.04162026.csv,2026-04-16 14:47:50.359327+00:00,missing
2026-04-16,AMDW,,,,tradr_axs,https://axsetf.filepoint.live/assets/data/NSDEAXS2.04162026.csv,2026-04-16 14:47:50.359327+00:00,missing
2026-04-16,AMDY,,,,tradr_axs,https://axsetf.filepoint.live/assets/data/NSDEAXS2.04162026.csv,2026-04-16 14:47:50.359327+00:00,missing
2026-04-16,AMUU,,,,tradr_axs,https://axsetf.filepoint.live/assets/data/NSDEAXS2.04162026.csv,2026-04-16 14:47:50.359327+00:00,missing
2026-04-16,AMYY,,,,tradr_axs,https://axsetf.filepoint.live/assets/data/NSDEAXS2.04162026.csv,2026-04-16 14:47:50.359327+00:00,missing
2026-04-16,AMZU,,,,tradr_axs,https://axsetf.filepoint.live/assets/data/NSDEAXS2.04162026.csv,2026-04-16 14:47:50.359327+00:00,missing
2026-04-16,AMZW,,,,tradr_axs,https://axsetf.filepoint.live/assets/data/NSDEAXS2.04162026.csv,2026-04-16 14:47:50.359327+00:00,missing
2026-04-16,AMZY,,,,tradr_axs,https://axsetf.filepoint.live/assets/data/NSDEAXS2.04162026.csv,2026-04-16 14:47:50.359327+00:00,missing
2026-04-16,AMZZ,,,,tradr_axs,https://axsetf.filepoint.live/assets/data/NSDEAXS2.04162026.csv,2026-04-16 14:47:50.359327+00:00,missing
2026-04-16,APHU,,,,tradr_axs,https://axsetf.filepoint.live/assets/data/NSDEAXS2.04162026.csv,2026-04-16 14:47:50.359327+00:00,missing
2026-04-16,APLY,,,,tradr_axs,https://axsetf.filepoint.live/assets/data/NSDEAXS2.04162026.csv,2026-04-16 14:47:50.359327+00:00,missing
2026-04-16,ARMG,,,,tradr_axs,https://axsetf.filepoint.live/assets/data/NSDEAXS2.04162026.csv,2026-04-16 14:47:50.359327+00:00,missing
2026-04-16,ARMW,,,,tradr_axs,https://axsetf.filepoint.live/assets/data/NSDEAXS2.04162026.csv,2026-04-16 14:47:50.359327+00:00,missing
2026-04-16,ASMG,,,,tradr_axs,https://axsetf.filepoint.live/assets/data/NSDEAXS2.04162026.csv,2026-04-16 14:47:50.359327+00:00,missing
2026-04-16,ASMU,,,,tradr_axs,https://axsetf.filepoint.live/assets/data/NSDEAXS2.04162026.csv,2026-04-16 14:47:50.359327+00:00,missing
2026-04-16,AVGG,,,,tradr_axs,https://axsetf.filepoint.live/assets/data/NSDEAXS2.04162026.csv,2026-04-16 14:47:50.359327+00:00,missing
2026-04-16,AVGU,,,,tradr_axs,https://axsetf.filepoint.live/assets/data/NSDEAXS2.04162026.csv,2026-04-16 14:47:50.359327+00:00,missing
2026-04-16,AVGW,,,,tradr_axs,https://axsetf.filepoint.live/assets/data/NSDEAXS2.04162026.csv,2026-04-16 14:47:50.359327+00:00,missing
2026-04-16,AVL,,,,tradr_axs,https://axsetf.filepoint.live/assets/data/NSDEAXS2.04162026.csv,2026-04-16 14:47:50.359327+00:00,missing
2026-04-16,AXPG,,,,tradr_axs,https://axsetf.filepoint.live/assets/data/NSDEAXS2.04162026.csv,2026-04-16 14:47:50.359327+00:00,missing
2026-04-16,AZYY,,,,tradr_axs,https://axsetf.filepoint.live/assets/data/NSDEAXS2.04162026.csv,2026-04-16 14:47:50.359327+00:00,missing
2026-04-16,BABO,,,,tradr_axs,https://axsetf.filepoint.live/assets/data/NSDEAXS2.04162026.csv,2026-04-16 14:47:50.359327+00:00,missing
2026-04-16,BABU,,,,tradr_axs,https://axsetf.filepoint.live/assets/data/NSDEAXS2.04162026.csv,2026-04-16 14:47:50.359327+00:00,missing
2026-04-16,BABW,,,,tradr_axs,https://axsetf.filepoint.live/assets/data/NSDEAXS2.04162026.csv,2026-04-16 14:47:50.359327+00:00,missing
2026-04-16,BABX,,,,tradr_axs,https://axsetf.filepoint.live/assets/data/NSDEAXS2.04162026.csv,2026-04-16 14:47:50.359327+00:00,missing
2026-04-16,BAIG,,,,tradr_axs,https://axsetf.filepoint.live/assets/data/NSDEAXS2.04162026.csv,2026-04-16 14:47:50.359327+00:00,missing
2026-04-16,BBYY,,,,tradr_axs,https://axsetf.filepoint.live/assets/data/NSDEAXS2.04162026.csv,2026-04-16 14:47:50.359327+00:00,missing
2026-04-16,BEG,,,,tradr_axs,https://axsetf.filepoint.live/assets/data/NSDEAXS2.04162026.csv,2026-04-16 14:47:50.359327+00:00,missing
2026-04-16,BIDG,,,,tradr_axs,https://axsetf.filepoint.live/assets/data/NSDEAXS2.04162026.csv,2026-04-16 14:47:50.359327+00:00,missing
2026-04-16,BITU,,,,tradr_axs,https://axsetf.filepoint.live/assets/data/NSDEAXS2.04162026.csv,2026-04-16 14:47:50.359327+00:00,missing
2026-04-16,BITX,,,,tradr_axs,https://axsetf.filepoint.live/assets/data/NSDEAXS2.04162026.csv,2026-04-16 14:47:50.359327+00:00,missing
2026-04-16,BLSG,,,,tradr_axs,https://axsetf.filepoint.live/assets/data/NSDEAXS2.04162026.csv,2026-04-16 14:47:50.359327+00:00,missing
2026-04-16,BMNG,,,,tradr_axs,https://axsetf.filepoint.live/assets/data/NSDEAXS2.04162026.csv,2026-04-16 14:47:50.359327+00:00,missing
2026-04-16,BMNU,,,,tradr_axs,https://axsetf.filepoint.live/assets/data/NSDEAXS2.04162026.csv,2026-04-16 14:47:50.359327+00:00,missing
2026-04-16,BOEG,,,,tradr_axs,https://axsetf.filepoint.live/assets/data/NSDEAXS2.04162026.csv,2026-04-16 14:47:50.359327+00:00,missing
2026-04-16,BOEU,,,,tradr_axs,https://axsetf.filepoint.live/assets/data/NSDEAXS2.04162026.csv,2026-04-16 14:47:50.359327+00:00,missing
2026-04-16,BRKC,,,,tradr_axs,https://axsetf.filepoint.live/assets/data/NSDEAXS2.04162026.csv,2026-04-16 14:47:50.359327+00:00,missing
2026-04-16,BRKU,,,,tradr_axs,https://axsetf.filepoint.live/assets/data/NSDEAXS2.04162026.csv,2026-04-16 14:47:50.359327+00:00,missing
2026-04-16,BRKW,,,,tradr_axs,https://axsetf.filepoint.live/assets/data/NSDEAXS2.04162026.csv,2026-04-16 14:47:50.359327+00:00,missing
2026-04-16,BTCL,,,,tradr_axs,https://axsetf.filepoint.live/assets/data/NSDEAXS2.04162026.csv,2026-04-16 14:47:50.359327+00:00,missing
2026-04-16,BTCZ,,,,tradr_axs,https://axsetf.filepoint.live/assets/data/NSDEAXS2.04162026.csv,2026-04-16 14:47:50.359327+00:00,missing
2026-04-16,BTFL,,,,tradr_axs,https://axsetf.filepoint.live/assets/data/NSDEAXS2.04162026.csv,2026-04-16 14:47:50.359327+00:00,missing
2026-04-16,BULG,,,,tradr_axs,https://axsetf.filepoint.live/assets/data/NSDEAXS2.04162026.csv,2026-04-16 14:47:50.359327+00:00,missing
2026-04-16,BULX,,,,tradr_axs,https://axsetf.filepoint.live/assets/data/NSDEAXS2.04162026.csv,2026-04-16 14:47:50.359327+00:00,missing
2026-04-16,CCUP,,,,tradr_axs,https://axsetf.filepoint.live/assets/data/NSDEAXS2.04162026.csv,2026-04-16 14:47:50.359327+00:00,missing
2026-04-16,CHAU,,,,tradr_axs,https://axsetf.filepoint.live/assets/data/NSDEAXS2.04162026.csv,2026-04-16 14:47:50.359327+00:00,missing
2026-04-16,CHNU,,,,tradr_axs,https://axsetf.filepoint.live/assets/data/NSDEAXS2.04162026.csv,2026-04-16 14:47:50.359327+00:00,missing
2026-04-16,CIFG,,,,tradr_axs,https://axsetf.filepoint.live/assets/data/NSDEAXS2.04162026.csv,2026-04-16 14:47:50.359327+00:00,missing
2026-04-16,CIFU,,,,tradr_axs,https://axsetf.filepoint.live/assets/data/NSDEAXS2.04162026.csv,2026-04-16 14:47:50.359327+00:00,missing
2026-04-16,CMGG,,,,tradr_axs,https://axsetf.filepoint.live/assets/data/NSDEAXS2.04162026.csv,2026-04-16 14:47:50.359327+00:00,missing
2026-04-16,CNCG,,,,tradr_axs,https://axsetf.filepoint.live/assets/data/NSDEAXS2.04162026.csv,2026-04-16 14:47:50.359327+00:00,missing
2026-04-16,COIA,,,,tradr_axs,https://axsetf.filepoint.live/assets/data/NSDEAXS2.04162026.csv,2026-04-16 14:47:50.359327+00:00,missing
2026-04-16,COIG,,,,tradr_axs,https://axsetf.filepoint.live/assets/data/NSDEAXS2.04162026.csv,2026-04-16 14:47:50.359327+00:00,missing
2026-04-16,COIO,,,,tradr_axs,https://axsetf.filepoint.live/assets/data/NSDEAXS2.04162026.csv,2026-04-16 14:47:50.359327+00:00,missing
2026-04-16,COIW,,,,tradr_axs,https://axsetf.filepoint.live/assets/data/NSDEAXS2.04162026.csv,2026-04-16 14:47:50.359327+00:00,missing
2026-04-16,CONL,,,,tradr_axs,https://axsetf.filepoint.live/assets/data/NSDEAXS2.04162026.csv,2026-04-16 14:47:50.359327+00:00,missing
2026-04-16,CONX,,,,tradr_axs,https://axsetf.filepoint.live/assets/data/NSDEAXS2.04162026.csv,2026-04-16 14:47:50.359327+00:00,missing
2026-04-16,CONY,,,,tradr_axs,https://axsetf.filepoint.live/assets/data/NSDEAXS2.04162026.csv,2026-04-16 14:47:50.359327+00:00,missing
2026-04-16,COPZ,,,,tradr_axs,https://axsetf.filepoint.live/assets/data/NSDEAXS2.04162026.csv,2026-04-16 14:47:50.359327+00:00,missing
2026-04-16,CORD,,,,tradr_axs,https://axsetf.filepoint.live/assets/data/NSDEAXS2.04162026.csv,2026-04-16 14:47:50.359327+00:00,missing
2026-04-16,COSW,,,,tradr_axs,https://axsetf.filepoint.live/assets/data/NSDEAXS2.04162026.csv,2026-04-16 14:47:50.359327+00:00,missing
2026-04-16,COTG,,,,tradr_axs,https://axsetf.filepoint.live/assets/data/NSDEAXS2.04162026.csv,2026-04-16 14:47:50.359327+00:00,missing
2026-04-16,COYY,,,,tradr_axs,https://axsetf.filepoint.live/assets/data/NSDEAXS2.04162026.csv,2026-04-16 14:47:50.359327+00:00,missing
2026-04-16,CRCA,,,,tradr_axs,https://axsetf.filepoint.live/assets/data/NSDEAXS2.04162026.csv,2026-04-16 14:47:50.359327+00:00,missing
2026-04-16,CRCD,,,,tradr_axs,https://axsetf.filepoint.live/assets/data/NSDEAXS2.04162026.csv,2026-04-16 14:47:50.359327+00:00,missing
2026-04-16,CRCG,,,,tradr_axs,https://axsetf.filepoint.live/assets/data/NSDEAXS2.04162026.csv,2026-04-16 14:47:50.359327+00:00,missing
2026-04-16,CRCO,,,,tradr_axs,https://axsetf.filepoint.live/assets/data/NSDEAXS2.04162026.csv,2026-04-16 14:47:50.359327+00:00,missing
2026-04-16,CRDX,,,,tradr_axs,https://axsetf.filepoint.live/assets/data/NSDEAXS2.04162026.csv,2026-04-16 14:47:50.359327+00:00,missing
2026-04-16,CRMG,,,,tradr_axs,https://axsetf.filepoint.live/assets/data/NSDEAXS2.04162026.csv,2026-04-16 14:47:50.359327+00:00,missing
2026-04-16,CRMU,,,,tradr_axs,https://axsetf.filepoint.live/assets/data/NSDEAXS2.04162026.csv,2026-04-16 14:47:50.359327+00:00,missing
2026-04-16,CRWG,,,,tradr_axs,https://axsetf.filepoint.live/assets/data/NSDEAXS2.04162026.csv,2026-04-16 14:47:50.359327+00:00,missing
2026-04-16,CRWL,,,,tradr_axs,https://axsetf.filepoint.live/assets/data/NSDEAXS2.04162026.csv,2026-04-16 14:47:50.359327+00:00,missing
2026-04-16,CRWU,,,,tradr_axs,https://axsetf.filepoint.live/assets/data/NSDEAXS2.04162026.csv,2026-04-16 14:47:50.359327+00:00,missing
2026-04-16,CSCL,,,,tradr_axs,https://axsetf.filepoint.live/assets/data/NSDEAXS2.04162026.csv,2026-04-16 14:47:50.359327+00:00,missing
2026-04-16,CVNY,,,,tradr_axs,https://axsetf.filepoint.live/assets/data/NSDEAXS2.04162026.csv,2026-04-16 14:47:50.359327+00:00,missing
2026-04-16,CWEB,,,,tradr_axs,https://axsetf.filepoint.live/assets/data/NSDEAXS2.04162026.csv,2026-04-16 14:47:50.359327+00:00,missing
2026-04-16,DISO,,,,tradr_axs,https://axsetf.filepoint.live/assets/data/NSDEAXS2.04162026.csv,2026-04-16 14:47:50.359327+00:00,missing
2026-04-16,DJTU,,,,tradr_axs,https://axsetf.filepoint.live/assets/data/NSDEAXS2.04162026.csv,2026-04-16 14:47:50.359327+00:00,missing
2026-04-16,DLLL,,,,tradr_axs,https://axsetf.filepoint.live/assets/data/NSDEAXS2.04162026.csv,2026-04-16 14:47:50.359327+00:00,missing
2026-04-16,DNNG,,,,tradr_axs,https://axsetf.filepoint.live/assets/data/NSDEAXS2.04162026.csv,2026-04-16 14:47:50.359327+00:00,missing
2026-04-16,DRAY,,,,tradr_axs,https://axsetf.filepoint.live/assets/data/NSDEAXS2.04162026.csv,2026-04-16 14:47:50.359327+00:00,missing
2026-04-16,DRIP,,,,tradr_axs,https://axsetf.filepoint.live/assets/data/NSDEAXS2.04162026.csv,2026-04-16 14:47:50.359327+00:00,missing
2026-04-16,DUG,,,,tradr_axs,https://axsetf.filepoint.live/assets/data/NSDEAXS2.04162026.csv,2026-04-16 14:47:50.359327+00:00,missing
2026-04-16,DUOG,,,,tradr_axs,https://axsetf.filepoint.live/assets/data/NSDEAXS2.04162026.csv,2026-04-16 14:47:50.359327+00:00,missing
2026-04-16,DUST,,,,tradr_axs,https://axsetf.filepoint.live/assets/data/NSDEAXS2.04162026.csv,2026-04-16 14:47:50.359327+00:00,missing
2026-04-16,DXD,,,,tradr_axs,https://axsetf.filepoint.live/assets/data/NSDEAXS2.04162026.csv,2026-04-16 14:47:50.359327+00:00,missing
2026-04-16,ELIL,,,,tradr_axs,https://axsetf.filepoint.live/assets/data/NSDEAXS2.04162026.csv,2026-04-16 14:47:50.359327+00:00,missing
2026-04-16,EOSU,,,,tradr_axs,https://axsetf.filepoint.live/assets/data/NSDEAXS2.04162026.csv,2026-04-16 14:47:50.359327+00:00,missing
2026-04-16,ERX,,,,tradr_axs,https://axsetf.filepoint.live/assets/data/NSDEAXS2.04162026.csv,2026-04-16 14:47:50.359327+00:00,missing
2026-04-16,ETHD,,,,tradr_axs,https://axsetf.filepoint.live/assets/data/NSDEAXS2.04162026.csv,2026-04-16 14:47:50.359327+00:00,missing
2026-04-16,ETHT,,,,tradr_axs,https://axsetf.filepoint.live/assets/data/NSDEAXS2.04162026.csv,2026-04-16 14:47:50.359327+00:00,missing
2026-04-16,ETHU,,,,tradr_axs,https://axsetf.filepoint.live/assets/data/NSDEAXS2.04162026.csv,2026-04-16 14:47:50.359327+00:00,missing
2026-04-16,ETRL,,,,tradr_axs,https://axsetf.filepoint.live/assets/data/NSDEAXS2.04162026.csv,2026-04-16 14:47:50.359327+00:00,missing
2026-04-16,ETU,,,,tradr_axs,https://axsetf.filepoint.live/assets/data/NSDEAXS2.04162026.csv,2026-04-16 14:47:50.359327+00:00,missing
2026-04-16,EWV,,,,tradr_axs,https://axsetf.filepoint.live/assets/data/NSDEAXS2.04162026.csv,2026-04-16 14:47:50.359327+00:00,missing
2026-04-16,FAZ,,,,tradr_axs,https://axsetf.filepoint.live/assets/data/NSDEAXS2.04162026.csv,2026-04-16 14:47:50.359327+00:00,missing
2026-04-16,FBL,,,,tradr_axs,https://axsetf.filepoint.live/assets/data/NSDEAXS2.04162026.csv,2026-04-16 14:47:50.359327+00:00,missing
2026-04-16,FBY,,,,tradr_axs,https://axsetf.filepoint.live/assets/data/NSDEAXS2.04162026.csv,2026-04-16 14:47:50.359327+00:00,missing
2026-04-16,FBYY,,,,tradr_axs,https://axsetf.filepoint.live/assets/data/NSDEAXS2.04162026.csv,2026-04-16 14:47:50.359327+00:00,missing
2026-04-16,FCXG,,,,tradr_axs,https://axsetf.filepoint.live/assets/data/NSDEAXS2.04162026.csv,2026-04-16 14:47:50.359327+00:00,missing
2026-04-16,FGRU,,,,tradr_axs,https://axsetf.filepoint.live/assets/data/NSDEAXS2.04162026.csv,2026-04-16 14:47:50.359327+00:00,missing
2026-04-16,FIGG,,,,tradr_axs,https://axsetf.filepoint.live/assets/data/NSDEAXS2.04162026.csv,2026-04-16 14:47:50.359327+00:00,missing
2026-04-16,FNGD,,,,tradr_axs,https://axsetf.filepoint.live/assets/data/NSDEAXS2.04162026.csv,2026-04-16 14:47:50.359327+00:00,missing
2026-04-16,FRDU,,,,tradr_axs,https://axsetf.filepoint.live/assets/data/NSDEAXS2.04162026.csv,2026-04-16 14:30:34.149449+00:00,missing
2026-04-16,FUTG,,,,tradr_axs,https://axsetf.filepoint.live/assets/data/NSDEAXS2.04162026.csv,2026-04-16 14:47:50.359327+00:00,missing
2026-04-16,GDXU,,,,tradr_axs,https://axsetf.filepoint.live/assets/data/NSDEAXS2.04162026.csv,2026-04-16 14:47:50.359327+00:00,missing
2026-04-16,GDXW,,,,tradr_axs,https://axsetf.filepoint.live/assets/data/NSDEAXS2.04162026.csv,2026-04-16 14:47:50.359327+00:00,missing
2026-04-16,GEMG,,,,tradr_axs,https://axsetf.filepoint.live/assets/data/NSDEAXS2.04162026.csv,2026-04-16 14:47:50.359327+00:00,missing
2026-04-16,GEVG,,,,tradr_axs,https://axsetf.filepoint.live/assets/data/NSDEAXS2.04162026.csv,2026-04-16 14:47:50.359327+00:00,missing
2026-04-16,GGLL,,,,tradr_axs,https://axsetf.filepoint.live/assets/data/NSDEAXS2.04162026.csv,2026-04-16 14:47:50.359327+00:00,missing
2026-04-16,GLDW,,,,tradr_axs,https://axsetf.filepoint.live/assets/data/NSDEAXS2.04162026.csv,2026-04-16 14:47:50.359327+00:00,missing
2026-04-16,GLGG,,,,tradr_axs,https://axsetf.filepoint.live/assets/data/NSDEAXS2.04162026.csv,2026-04-16 14:47:50.359327+00:00,missing
2026-04-16,GLWG,,,,tradr_axs,https://axsetf.filepoint.live/assets/data/NSDEAXS2.04162026.csv,2026-04-16 14:47:50.359327+00:00,missing
2026-04-16,GLXU,,,,tradr_axs,https://axsetf.filepoint.live/assets/data/NSDEAXS2.04162026.csv,2026-04-16 14:47:50.359327+00:00,missing
2026-04-16,GMEU,,,,tradr_axs,https://axsetf.filepoint.live/assets/data/NSDEAXS2.04162026.csv,2026-04-16 14:47:50.359327+00:00,missing
2026-04-16,GMEY,,,,tradr_axs,https://axsetf.filepoint.live/assets/data/NSDEAXS2.04162026.csv,2026-04-16 14:47:50.359327+00:00,missing
2026-04-16,GOOW,,,,tradr_axs,https://axsetf.filepoint.live/assets/data/NSDEAXS2.04162026.csv,2026-04-16 14:47:50.359327+00:00,missing
2026-04-16,GOOX,,,,tradr_axs,https://axsetf.filepoint.live/assets/data/NSDEAXS2.04162026.csv,2026-04-16 14:47:50.359327+00:00,missing
2026-04-16,GOOY,,,,tradr_axs,https://axsetf.filepoint.live/assets/data/NSDEAXS2.04162026.csv,2026-04-16 14:47:50.359327+00:00,missing
2026-04-16,GOU,,,,tradr_axs,https://axsetf.filepoint.live/assets/data/NSDEAXS2.04162026.csv,2026-04-16 14:47:50.359327+00:00,missing
2026-04-16,GRAG,,,,tradr_axs,https://axsetf.filepoint.live/assets/data/NSDEAXS2.04162026.csv,2026-04-16 14:47:50.359327+00:00,missing
2026-04-16,GUSH,,,,tradr_axs,https://axsetf.filepoint.live/assets/data/NSDEAXS2.04162026.csv,2026-04-16 14:47:50.359327+00:00,missing
2026-04-16,HIBL,,,,tradr_axs,https://axsetf.filepoint.live/assets/data/NSDEAXS2.04162026.csv,2026-04-16 14:47:50.359327+00:00,missing
2026-04-16,HIBS,,,,tradr_axs,https://axsetf.filepoint.live/assets/data/NSDEAXS2.04162026.csv,2026-04-16 14:47:50.359327+00:00,missing
2026-04-16,HIYY,,,,tradr_axs,https://axsetf.filepoint.live/assets/data/NSDEAXS2.04162026.csv,2026-04-16 14:47:50.359327+00:00,missing
2026-04-16,HMYY,,,,tradr_axs,https://axsetf.filepoint.live/assets/data/NSDEAXS2.04162026.csv,2026-04-16 14:47:50.359327+00:00,missing
2026-04-16,HODU,,,,tradr_axs,https://axsetf.filepoint.live/assets/data/NSDEAXS2.04162026.csv,2026-04-16 14:47:50.359327+00:00,missing
2026-04-16,HOOG,,,,tradr_axs,https://axsetf.filepoint.live/assets/data/NSDEAXS2.04162026.csv,2026-04-16 14:47:50.359327+00:00,missing
2026-04-16,HOOW,,,,tradr_axs,https://axsetf.filepoint.live/assets/data/NSDEAXS2.04162026.csv,2026-04-16 14:47:50.359327+00:00,missing
2026-04-16,HOOY,,,,tradr_axs,https://axsetf.filepoint.live/assets/data/NSDEAXS2.04162026.csv,2026-04-16 14:47:50.359327+00:00,missing
2026-04-16,HOYY,,,,tradr_axs,https://axsetf.filepoint.live/assets/data/NSDEAXS2.04162026.csv,2026-04-16 14:47:50.359327+00:00,missing
2026-04-16,HUTG,,,,tradr_axs,https://axsetf.filepoint.live/assets/data/NSDEAXS2.04162026.csv,2026-04-16 14:47:50.359327+00:00,missing
2026-04-16,INTW,,,,tradr_axs,https://axsetf.filepoint.live/assets/data/NSDEAXS2.04162026.csv,2026-04-16 14:47:50.359327+00:00,missing
2026-04-16,IONL,,,,tradr_axs,https://axsetf.filepoint.live/assets/data/NSDEAXS2.04162026.csv,2026-04-16 14:47:50.359327+00:00,missing
2026-04-16,IOYY,,,,tradr_axs,https://axsetf.filepoint.live/assets/data/NSDEAXS2.04162026.csv,2026-04-16 14:47:50.359327+00:00,missing
2026-04-16,IREG,,,,tradr_axs,https://axsetf.filepoint.live/assets/data/NSDEAXS2.04162026.csv,2026-04-16 14:47:50.359327+00:00,missing
2026-04-16,ISUL,,,,tradr_axs,https://axsetf.filepoint.live/assets/data/NSDEAXS2.04162026.csv,2026-04-16 14:47:50.359327+00:00,missing
2026-04-16,JEPI,,,,tradr_axs,https://axsetf.filepoint.live/assets/data/NSDEAXS2.04162026.csv,2026-04-16 14:47:50.359327+00:00,missing
2026-04-16,JEPQ,,,,tradr_axs,https://axsetf.filepoint.live/assets/data/NSDEAXS2.04162026.csv,2026-04-16 14:47:50.359327+00:00,missing
2026-04-16,JNUG,,,,tradr_axs,https://axsetf.filepoint.live/assets/data/NSDEAXS2.04162026.csv,2026-04-16 14:47:50.359327+00:00,missing
2026-04-16,KLAG,,,,tradr_axs,https://axsetf.filepoint.live/assets/data/NSDEAXS2.04162026.csv,2026-04-16 14:47:50.359327+00:00,missing
2026-04-16,KORU,,,,tradr_axs,https://axsetf.filepoint.live/assets/data/NSDEAXS2.04162026.csv,2026-04-16 14:47:50.359327+00:00,missing
2026-04-16,KTUP,,,,tradr_axs,https://axsetf.filepoint.live/assets/data/NSDEAXS2.04162026.csv,2026-04-16 14:47:50.359327+00:00,missing
2026-04-16,LABD,,,,tradr_axs,https://axsetf.filepoint.live/assets/data/NSDEAXS2.04162026.csv,2026-04-16 14:47:50.359327+00:00,missing
2026-04-16,LABU,,,,tradr_axs,https://axsetf.filepoint.live/assets/data/NSDEAXS2.04162026.csv,2026-04-16 14:47:50.359327+00:00,missing
2026-04-16,LACG,,,,tradr_axs,https://axsetf.filepoint.live/assets/data/NSDEAXS2.04162026.csv,2026-04-16 14:47:50.359327+00:00,missing
2026-04-16,LCDL,,,,tradr_axs,https://axsetf.filepoint.live/assets/data/NSDEAXS2.04162026.csv,2026-04-16 14:47:50.359327+00:00,missing
2026-04-16,LINT,,,,tradr_axs,https://axsetf.filepoint.live/assets/data/NSDEAXS2.04162026.csv,2026-04-16 14:47:50.359327+00:00,missing
2026-04-16,LMTL,,,,tradr_axs,https://axsetf.filepoint.live/assets/data/NSDEAXS2.04162026.csv,2026-04-16 14:47:50.359327+00:00,missing
2026-04-16,LNOK,,,,tradr_axs,https://axsetf.filepoint.live/assets/data/NSDEAXS2.04162026.csv,2026-04-16 14:47:50.359327+00:00,missing
2026-04-16,LULG,,,,tradr_axs,https://axsetf.filepoint.live/assets/data/NSDEAXS2.04162026.csv,2026-04-16 14:47:50.359327+00:00,missing
2026-04-16,LUNL,,,,tradr_axs,https://axsetf.filepoint.live/assets/data/NSDEAXS2.04162026.csv,2026-04-16 14:47:50.359327+00:00,missing
2026-04-16,MAAY,,,,tradr_axs,https://axsetf.filepoint.live/assets/data/NSDEAXS2.04162026.csv,2026-04-16 14:47:50.359327+00:00,missing
2026-04-16,MARO,,,,tradr_axs,https://axsetf.filepoint.live/assets/data/NSDEAXS2.04162026.csv,2026-04-16 14:47:50.359327+00:00,missing
2026-04-16,METU,,,,tradr_axs,https://axsetf.filepoint.live/assets/data/NSDEAXS2.04162026.csv,2026-04-16 14:47:50.359327+00:00,missing
2026-04-16,METW,,,,tradr_axs,https://axsetf.filepoint.live/assets/data/NSDEAXS2.04162026.csv,2026-04-16 14:47:50.359327+00:00,missing
2026-04-16,MEXX,,,,tradr_axs,https://axsetf.filepoint.live/assets/data/NSDEAXS2.04162026.csv,2026-04-16 14:47:50.359327+00:00,missing
2026-04-16,MPG,,,,tradr_axs,https://axsetf.filepoint.live/assets/data/NSDEAXS2.04162026.csv,2026-04-16 14:47:50.359327+00:00,missing
2026-04-16,MRAL,,,,tradr_axs,https://axsetf.filepoint.live/assets/data/NSDEAXS2.04162026.csv,2026-04-16 14:47:50.359327+00:00,missing
2026-04-16,MRNX,,,,tradr_axs,https://axsetf.filepoint.live/assets/data/NSDEAXS2.04162026.csv,2026-04-16 14:47:50.359327+00:00,missing
2026-04-16,MRNY,,,,tradr_axs,https://axsetf.filepoint.live/assets/data/NSDEAXS2.04162026.csv,2026-04-16 14:47:50.359327+00:00,missing
2026-04-16,MRVU,,,,tradr_axs,https://axsetf.filepoint.live/assets/data/NSDEAXS2.04162026.csv,2026-04-16 14:47:50.359327+00:00,missing
2026-04-16,MSFL,,,,tradr_axs,https://axsetf.filepoint.live/assets/data/NSDEAXS2.04162026.csv,2026-04-16 14:47:50.359327+00:00,missing
2026-04-16,MSFO,,,,tradr_axs,https://axsetf.filepoint.live/assets/data/NSDEAXS2.04162026.csv,2026-04-16 14:47:50.359327+00:00,missing
2026-04-16,MSFU,,,,tradr_axs,https://axsetf.filepoint.live/assets/data/NSDEAXS2.04162026.csv,2026-04-16 14:47:50.359327+00:00,missing
2026-04-16,MSFW,,,,tradr_axs,https://axsetf.filepoint.live/assets/data/NSDEAXS2.04162026.csv,2026-04-16 14:47:50.359327+00:00,missing
2026-04-16,MSFX,,,,tradr_axs,https://axsetf.filepoint.live/assets/data/NSDEAXS2.04162026.csv,2026-04-16 14:47:50.359327+00:00,missing
2026-04-16,MSOO,,,,tradr_axs,https://axsetf.filepoint.live/assets/data/NSDEAXS2.04162026.csv,2026-04-16 14:47:50.359327+00:00,missing
2026-04-16,MSTP,,,,tradr_axs,https://axsetf.filepoint.live/assets/data/NSDEAXS2.04162026.csv,2026-04-16 14:47:50.359327+00:00,missing
2026-04-16,MSTU,,,,tradr_axs,https://axsetf.filepoint.live/assets/data/NSDEAXS2.04162026.csv,2026-04-16 14:47:50.359327+00:00,missing
2026-04-16,MSTW,,,,tradr_axs,https://axsetf.filepoint.live/assets/data/NSDEAXS2.04162026.csv,2026-04-16 14:47:50.359327+00:00,missing
2026-04-16,MSTY,,,,tradr_axs,https://axsetf.filepoint.live/assets/data/NSDEAXS2.04162026.csv,2026-04-16 14:47:50.359327+00:00,missing
2026-04-16,MSTZ,,,,tradr_axs,https://axsetf.filepoint.live/assets/data/NSDEAXS2.04162026.csv,2026-04-16 14:47:50.359327+00:00,missing
2026-04-16,MTYY,,,,tradr_axs,https://axsetf.filepoint.live/assets/data/NSDEAXS2.04162026.csv,2026-04-16 14:47:50.359327+00:00,missing
2026-04-16,MULL,,,,tradr_axs,https://axsetf.filepoint.live/assets/data/NSDEAXS2.04162026.csv,2026-04-16 14:47:50.359327+00:00,missing
2026-04-16,MUU,,,,tradr_axs,https://axsetf.filepoint.live/assets/data/NSDEAXS2.04162026.csv,2026-04-16 14:47:50.359327+00:00,missing
2026-04-16,MVLL,,,,tradr_axs,https://axsetf.filepoint.live/assets/data/NSDEAXS2.04162026.csv,2026-04-16 14:47:50.359327+00:00,missing
2026-04-16,NBIG,,,,tradr_axs,https://axsetf.filepoint.live/assets/data/NSDEAXS2.04162026.csv,2026-04-16 14:47:50.359327+00:00,missing
2026-04-16,NBIL,,,,tradr_axs,https://axsetf.filepoint.live/assets/data/NSDEAXS2.04162026.csv,2026-04-16 14:47:50.359327+00:00,missing
2026-04-16,NEMG,,,,tradr_axs,https://axsetf.filepoint.live/assets/data/NSDEAXS2.04162026.csv,2026-04-16 14:47:50.359327+00:00,missing
2026-04-16,NETG,,,,tradr_axs,https://axsetf.filepoint.live/assets/data/NSDEAXS2.04162026.csv,2026-04-16 14:47:50.359327+00:00,missing
2026-04-16,NFLU,,,,tradr_axs,https://axsetf.filepoint.live/assets/data/NSDEAXS2.04162026.csv,2026-04-16 14:47:50.359327+00:00,missing
2026-04-16,NFLW,,,,tradr_axs,https://axsetf.filepoint.live/assets/data/NSDEAXS2.04162026.csv,2026-04-16 14:47:50.359327+00:00,missing
2026-04-16,NFLY,,,,tradr_axs,https://axsetf.filepoint.live/assets/data/NSDEAXS2.04162026.csv,2026-04-16 14:47:50.359327+00:00,missing
2026-04-16,NFXL,,,,tradr_axs,https://axsetf.filepoint.live/assets/data/NSDEAXS2.04162026.csv,2026-04-16 14:47:50.359327+00:00,missing
2026-04-16,NIOG,,,,tradr_axs,https://axsetf.filepoint.live/assets/data/NSDEAXS2.04162026.csv,2026-04-16 14:47:50.359327+00:00,missing
2026-04-16,NOWL,,,,tradr_axs,https://axsetf.filepoint.live/assets/data/NSDEAXS2.04162026.csv,2026-04-16 14:47:50.359327+00:00,missing
2026-04-16,NUG,,,,tradr_axs,https://axsetf.filepoint.live/assets/data/NSDEAXS2.04162026.csv,2026-04-16 14:47:50.359327+00:00,missing
2026-04-16,NUGT,,,,tradr_axs,https://axsetf.filepoint.live/assets/data/NSDEAXS2.04162026.csv,2026-04-16 14:47:50.359327+00:00,missing
2026-04-16,NUGY,,,,tradr_axs,https://axsetf.filepoint.live/assets/data/NSDEAXS2.04162026.csv,2026-04-16 14:47:50.359327+00:00,missing
2026-04-16,NVDB,,,,tradr_axs,https://axsetf.filepoint.live/assets/data/NSDEAXS2.04162026.csv,2026-04-16 14:47:50.359327+00:00,missing
2026-04-16,NVDG,,,,tradr_axs,https://axsetf.filepoint.live/assets/data/NSDEAXS2.04162026.csv,2026-04-16 14:47:50.359327+00:00,missing
2026-04-16,NVDL,,,,tradr_axs,https://axsetf.filepoint.live/assets/data/NSDEAXS2.04162026.csv,2026-04-16 14:47:50.359327+00:00,missing
2026-04-16,NVDO,,,,tradr_axs,https://axsetf.filepoint.live/assets/data/NSDEAXS2.04162026.csv,2026-04-16 14:47:50.359327+00:00,missing
2026-04-16,NVDQ,,,,tradr_axs,https://axsetf.filepoint.live/assets/data/NSDEAXS2.04162026.csv,2026-04-16 14:47:50.359327+00:00,missing
2026-04-16,NVDU,,,,tradr_axs,https://axsetf.filepoint.live/assets/data/NSDEAXS2.04162026.csv,2026-04-16 14:47:50.359327+00:00,missing
2026-04-16,NVDW,,,,tradr_axs,https://axsetf.filepoint.live/assets/data/NSDEAXS2.04162026.csv,2026-04-16 14:47:50.359327+00:00,missing
2026-04-16,NVDX,,,,tradr_axs,https://axsetf.filepoint.live/assets/data/NSDEAXS2.04162026.csv,2026-04-16 14:47:50.359327+00:00,missing
2026-04-16,NVDY,,,,tradr_axs,https://axsetf.filepoint.live/assets/data/NSDEAXS2.04162026.csv,2026-04-16 14:47:50.359327+00:00,missing
2026-04-16,NVYY,,,,tradr_axs,https://axsetf.filepoint.live/assets/data/NSDEAXS2.04162026.csv,2026-04-16 14:47:50.359327+00:00,missing
2026-04-16,OKLL,,,,tradr_axs,https://axsetf.filepoint.live/assets/data/NSDEAXS2.04162026.csv,2026-04-16 14:47:50.359327+00:00,missing
2026-04-16,OKTG,,,,tradr_axs,https://axsetf.filepoint.live/assets/data/NSDEAXS2.04162026.csv,2026-04-16 14:47:50.359327+00:00,missing
2026-04-16,ONDG,,,,tradr_axs,https://axsetf.filepoint.live/assets/data/NSDEAXS2.04162026.csv,2026-04-16 14:47:50.359327+00:00,missing
2026-04-16,OPEG,,,,tradr_axs,https://axsetf.filepoint.live/assets/data/NSDEAXS2.04162026.csv,2026-04-16 14:47:50.359327+00:00,missing
2026-04-16,ORCU,,,,tradr_axs,https://axsetf.filepoint.live/assets/data/NSDEAXS2.04162026.csv,2026-04-16 14:47:50.359327+00:00,missing
2026-04-16,ORLG,,,,tradr_axs,https://axsetf.filepoint.live/assets/data/NSDEAXS2.04162026.csv,2026-04-16 14:47:50.359327+00:00,missing
2026-04-16,OSCG,,,,tradr_axs,https://axsetf.filepoint.live/assets/data/NSDEAXS2.04162026.csv,2026-04-16 14:47:50.359327+00:00,missing
2026-04-16,PAAU,,,,tradr_axs,https://axsetf.filepoint.live/assets/data/NSDEAXS2.04162026.csv,2026-04-16 14:47:50.359327+00:00,missing
2026-04-16,PALU,,,,tradr_axs,https://axsetf.filepoint.live/assets/data/NSDEAXS2.04162026.csv,2026-04-16 14:47:50.359327+00:00,missing
2026-04-16,PANG,,,,tradr_axs,https://axsetf.filepoint.live/assets/data/NSDEAXS2.04162026.csv,2026-04-16 14:47:50.359327+00:00,missing
2026-04-16,PBRG,,,,tradr_axs,https://axsetf.filepoint.live/assets/data/NSDEAXS2.04162026.csv,2026-04-16 14:47:50.359327+00:00,missing
2026-04-16,PDDL,,,,tradr_axs,https://axsetf.filepoint.live/assets/data/NSDEAXS2.04162026.csv,2026-04-16 14:47:50.359327+00:00,missing
2026-04-16,PLOO,,,,tradr_axs,https://axsetf.filepoint.live/assets/data/NSDEAXS2.04162026.csv,2026-04-16 14:47:50.359327+00:00,missing
2026-04-16,PLTA,,,,tradr_axs,https://axsetf.filepoint.live/assets/data/NSDEAXS2.04162026.csv,2026-04-16 14:47:50.359327+00:00,missing
2026-04-16,PLTG,,,,tradr_axs,https://axsetf.filepoint.live/assets/data/NSDEAXS2.04162026.csv,2026-04-16 14:47:50.359327+00:00,missing
2026-04-16,PLTU,,,,tradr_axs,https://axsetf.filepoint.live/assets/data/NSDEAXS2.04162026.csv,2026-04-16 14:47:50.359327+00:00,missing
2026-04-16,PLTW,,,,tradr_axs,https://axsetf.filepoint.live/assets/data/NSDEAXS2.04162026.csv,2026-04-16 14:47:50.359327+00:00,missing
2026-04-16,PLTY,,,,tradr_axs,https://axsetf.filepoint.live/assets/data/NSDEAXS2.04162026.csv,2026-04-16 14:47:50.359327+00:00,missing
2026-04-16,PLUL,,,,tradr_axs,https://axsetf.filepoint.live/assets/data/NSDEAXS2.04162026.csv,2026-04-16 14:47:50.359327+00:00,missing
2026-04-16,PLYY,,,,tradr_axs,https://axsetf.filepoint.live/assets/data/NSDEAXS2.04162026.csv,2026-04-16 14:47:50.359327+00:00,missing
2026-04-16,PTIR,,,,tradr_axs,https://axsetf.filepoint.live/assets/data/NSDEAXS2.04162026.csv,2026-04-16 14:47:50.359327+00:00,missing
2026-04-16,PYPG,,,,tradr_axs,https://axsetf.filepoint.live/assets/data/NSDEAXS2.04162026.csv,2026-04-16 14:47:50.359327+00:00,missing
2026-04-16,PYPU,,,,tradr_axs,https://axsetf.filepoint.live/assets/data/NSDEAXS2.04162026.csv,2026-04-16 14:47:50.359327+00:00,missing
2026-04-16,PYPY,,,,tradr_axs,https://axsetf.filepoint.live/assets/data/NSDEAXS2.04162026.csv,2026-04-16 14:47:50.359327+00:00,missing
2026-04-16,QBY,,,,tradr_axs,https://axsetf.filepoint.live/assets/data/NSDEAXS2.04162026.csv,2026-04-16 14:47:50.359327+00:00,missing
2026-04-16,QCML,,,,tradr_axs,https://axsetf.filepoint.live/assets/data/NSDEAXS2.04162026.csv,2026-04-16 14:47:50.359327+00:00,missing
2026-04-16,QCMU,,,,tradr_axs,https://axsetf.filepoint.live/assets/data/NSDEAXS2.04162026.csv,2026-04-16 14:47:50.359327+00:00,missing
2026-04-16,QID,,,,tradr_axs,https://axsetf.filepoint.live/assets/data/NSDEAXS2.04162026.csv,2026-04-16 14:47:50.359327+00:00,missing
2026-04-16,QQQX,,,,tradr_axs,https://axsetf.filepoint.live/assets/data/NSDEAXS2.04162026.csv,2026-04-16 14:47:50.359327+00:00,missing
2026-04-16,QYLD,,,,tradr_axs,https://axsetf.filepoint.live/assets/data/NSDEAXS2.04162026.csv,2026-04-16 14:47:50.359327+00:00,missing
2026-04-16,QYLG,,,,tradr_axs,https://axsetf.filepoint.live/assets/data/NSDEAXS2.04162026.csv,2026-04-16 14:47:50.359327+00:00,missing
2026-04-16,RBLU,,,,tradr_axs,https://axsetf.filepoint.live/assets/data/NSDEAXS2.04162026.csv,2026-04-16 14:47:50.359327+00:00,missing
2026-04-16,RBLY,,,,tradr_axs,https://axsetf.filepoint.live/assets/data/NSDEAXS2.04162026.csv,2026-04-16 14:47:50.359327+00:00,missing
2026-04-16,RCAX,,,,tradr_axs,https://axsetf.filepoint.live/assets/data/NSDEAXS2.04162026.csv,2026-04-16 14:47:50.359327+00:00,missing
2026-04-16,RDTL,,,,tradr_axs,https://axsetf.filepoint.live/assets/data/NSDEAXS2.04162026.csv,2026-04-16 14:47:50.359327+00:00,missing
2026-04-16,RDWU,,,,tradr_axs,https://axsetf.filepoint.live/assets/data/NSDEAXS2.04162026.csv,2026-04-16 14:47:50.359327+00:00,missing
2026-04-16,RDYY,,,,tradr_axs,https://axsetf.filepoint.live/assets/data/NSDEAXS2.04162026.csv,2026-04-16 14:47:50.359327+00:00,missing
2026-04-16,REW,,,,tradr_axs,https://axsetf.filepoint.live/assets/data/NSDEAXS2.04162026.csv,2026-04-16 14:47:50.359327+00:00,missing
2026-04-16,RGYY,,,,tradr_axs,https://axsetf.filepoint.live/assets/data/NSDEAXS2.04162026.csv,2026-04-16 14:47:50.359327+00:00,missing
2026-04-16,RKTL,,,,tradr_axs,https://axsetf.filepoint.live/assets/data/NSDEAXS2.04162026.csv,2026-04-16 14:47:50.359327+00:00,missing
2026-04-16,ROBN,,,,tradr_axs,https://axsetf.filepoint.live/assets/data/NSDEAXS2.04162026.csv,2026-04-16 14:47:50.359327+00:00,missing
2026-04-16,RTXG,,,,tradr_axs,https://axsetf.filepoint.live/assets/data/NSDEAXS2.04162026.csv,2026-04-16 14:47:50.359327+00:00,missing
2026-04-16,RTYY,,,,tradr_axs,https://axsetf.filepoint.live/assets/data/NSDEAXS2.04162026.csv,2026-04-16 14:47:50.359327+00:00,missing
2026-04-16,RVNL,,,,tradr_axs,https://axsetf.filepoint.live/assets/data/NSDEAXS2.04162026.csv,2026-04-16 14:47:50.359327+00:00,missing
2026-04-16,RYLD,,,,tradr_axs,https://axsetf.filepoint.live/assets/data/NSDEAXS2.04162026.csv,2026-04-16 14:47:50.359327+00:00,missing
2026-04-16,SATG,,,,tradr_axs,https://axsetf.filepoint.live/assets/data/NSDEAXS2.04162026.csv,2026-04-16 14:47:50.359327+00:00,missing
2026-04-16,SBTU,,,,tradr_axs,https://axsetf.filepoint.live/assets/data/NSDEAXS2.04162026.csv,2026-04-16 14:47:50.359327+00:00,missing
2026-04-16,SBU,,,,tradr_axs,https://axsetf.filepoint.live/assets/data/NSDEAXS2.04162026.csv,2026-04-16 14:47:50.359327+00:00,missing
2026-04-16,SCO,,,,tradr_axs,https://axsetf.filepoint.live/assets/data/NSDEAXS2.04162026.csv,2026-04-16 14:47:50.359327+00:00,missing
2026-04-16,SDOW,,,,tradr_axs,https://axsetf.filepoint.live/assets/data/NSDEAXS2.04162026.csv,2026-04-16 14:47:50.359327+00:00,missing
2026-04-16,SDS,,,,tradr_axs,https://axsetf.filepoint.live/assets/data/NSDEAXS2.04162026.csv,2026-04-16 14:47:50.359327+00:00,missing
2026-04-16,SEMY,,,,tradr_axs,https://axsetf.filepoint.live/assets/data/NSDEAXS2.04162026.csv,2026-04-16 14:47:50.359327+00:00,missing
2026-04-16,SHPU,,,,tradr_axs,https://axsetf.filepoint.live/assets/data/NSDEAXS2.04162026.csv,2026-04-16 14:47:50.359327+00:00,missing
2026-04-16,SKF,,,,tradr_axs,https://axsetf.filepoint.live/assets/data/NSDEAXS2.04162026.csv,2026-04-16 14:47:50.359327+00:00,missing
2026-04-16,SMCL,,,,tradr_axs,https://axsetf.filepoint.live/assets/data/NSDEAXS2.04162026.csv,2026-04-16 14:47:50.359327+00:00,missing
2026-04-16,SMCY,,,,tradr_axs,https://axsetf.filepoint.live/assets/data/NSDEAXS2.04162026.csv,2026-04-16 14:47:50.359327+00:00,missing
2026-04-16,SMUP,,,,tradr_axs,https://axsetf.filepoint.live/assets/data/NSDEAXS2.04162026.csv,2026-04-16 14:47:50.359327+00:00,missing
2026-04-16,SMYY,,,,tradr_axs,https://axsetf.filepoint.live/assets/data/NSDEAXS2.04162026.csv,2026-04-16 14:47:50.359327+00:00,missing
2026-04-16,SNAG,,,,tradr_axs,https://axsetf.filepoint.live/assets/data/NSDEAXS2.04162026.csv,2026-04-16 14:47:50.359327+00:00,missing
2026-04-16,SNDU,,,,tradr_axs,https://axsetf.filepoint.live/assets/data/NSDEAXS2.04162026.csv,2026-04-16 14:47:50.359327+00:00,missing
2026-04-16,SNOU,,,,tradr_axs,https://axsetf.filepoint.live/assets/data/NSDEAXS2.04162026.csv,2026-04-16 14:47:50.359327+00:00,missing
2026-04-16,SNOY,,,,tradr_axs,https://axsetf.filepoint.live/assets/data/NSDEAXS2.04162026.csv,2026-04-16 14:47:50.359327+00:00,missing
2026-04-16,SOFA,,,,tradr_axs,https://axsetf.filepoint.live/assets/data/NSDEAXS2.04162026.csv,2026-04-16 14:47:50.359327+00:00,missing
2026-04-16,SOLT,,,,tradr_axs,https://axsetf.filepoint.live/assets/data/NSDEAXS2.04162026.csv,2026-04-16 14:47:50.359327+00:00,missing
2026-04-16,SOLX,,,,tradr_axs,https://axsetf.filepoint.live/assets/data/NSDEAXS2.04162026.csv,2026-04-16 14:47:50.359327+00:00,missing
2026-04-16,SOXL,,,,tradr_axs,https://axsetf.filepoint.live/assets/data/NSDEAXS2.04162026.csv,2026-04-16 14:47:50.359327+00:00,missing
2026-04-16,SOXS,,,,tradr_axs,https://axsetf.filepoint.live/assets/data/NSDEAXS2.04162026.csv,2026-04-16 14:47:50.359327+00:00,missing
2026-04-16,SPOG,,,,tradr_axs,https://axsetf.filepoint.live/assets/data/NSDEAXS2.04162026.csv,2026-04-16 14:47:50.359327+00:00,missing
2026-04-16,SPXL,,,,tradr_axs,https://axsetf.filepoint.live/assets/data/NSDEAXS2.04162026.csv,2026-04-16 14:47:50.359327+00:00,missing
2026-04-16,SPXS,,,,tradr_axs,https://axsetf.filepoint.live/assets/data/NSDEAXS2.04162026.csv,2026-04-16 14:47:50.359327+00:00,missing
2026-04-16,SPXU,,,,tradr_axs,https://axsetf.filepoint.live/assets/data/NSDEAXS2.04162026.csv,2026-04-16 14:47:50.359327+00:00,missing
2026-04-16,SPYI,,,,tradr_axs,https://axsetf.filepoint.live/assets/data/NSDEAXS2.04162026.csv,2026-04-16 14:47:50.359327+00:00,missing
2026-04-16,SQQQ,,,,tradr_axs,https://axsetf.filepoint.live/assets/data/NSDEAXS2.04162026.csv,2026-04-16 14:47:50.359327+00:00,missing
2026-04-16,STLU,,,,tradr_axs,https://axsetf.filepoint.live/assets/data/NSDEAXS2.04162026.csv,2026-04-16 14:47:50.359327+00:00,missing
2026-04-16,TBT,,,,tradr_axs,https://axsetf.filepoint.live/assets/data/NSDEAXS2.04162026.csv,2026-04-16 14:47:50.359327+00:00,missing
2026-04-16,TBX,,,,tradr_axs,https://axsetf.filepoint.live/assets/data/NSDEAXS2.04162026.csv,2026-04-16 14:47:50.359327+00:00,missing
2026-04-16,TECS,,,,tradr_axs,https://axsetf.filepoint.live/assets/data/NSDEAXS2.04162026.csv,2026-04-16 14:47:50.359327+00:00,missing
2026-04-16,TERG,,,,tradr_axs,https://axsetf.filepoint.live/assets/data/NSDEAXS2.04162026.csv,2026-04-16 14:47:50.359327+00:00,missing
2026-04-16,TMV,,,,tradr_axs,https://axsetf.filepoint.live/assets/data/NSDEAXS2.04162026.csv,2026-04-16 14:47:50.359327+00:00,missing
2026-04-16,TOPW,,,,tradr_axs,https://axsetf.filepoint.live/assets/data/NSDEAXS2.04162026.csv,2026-04-16 14:47:50.359327+00:00,missing
2026-04-16,TQQQ,,,,tradr_axs,https://axsetf.filepoint.live/assets/data/NSDEAXS2.04162026.csv,2026-04-16 14:47:50.359327+00:00,missing
2026-04-16,TQQY,,,,tradr_axs,https://axsetf.filepoint.live/assets/data/NSDEAXS2.04162026.csv,2026-04-16 14:47:50.359327+00:00,missing
2026-04-16,TSLG,,,,tradr_axs,https://axsetf.filepoint.live/assets/data/NSDEAXS2.04162026.csv,2026-04-16 14:47:50.359327+00:00,missing
2026-04-16,TSLI,,,,tradr_axs,https://axsetf.filepoint.live/assets/data/NSDEAXS2.04162026.csv,2026-04-16 14:47:50.359327+00:00,missing
2026-04-16,TSLL,,,,tradr_axs,https://axsetf.filepoint.live/assets/data/NSDEAXS2.04162026.csv,2026-04-16 14:47:50.359327+00:00,missing
2026-04-16,TSLO,,,,tradr_axs,https://axsetf.filepoint.live/assets/data/NSDEAXS2.04162026.csv,2026-04-16 14:47:50.359327+00:00,missing
2026-04-16,TSLR,,,,tradr_axs,https://axsetf.filepoint.live/assets/data/NSDEAXS2.04162026.csv,2026-04-16 14:47:50.359327+00:00,missing
2026-04-16,TSLT,,,,tradr_axs,https://axsetf.filepoint.live/assets/data/NSDEAXS2.04162026.csv,2026-04-16 14:47:50.359327+00:00,missing
2026-04-16,TSLW,,,,tradr_axs,https://axsetf.filepoint.live/assets/data/NSDEAXS2.04162026.csv,2026-04-16 14:47:50.359327+00:00,missing
2026-04-16,TSLY,,,,tradr_axs,https://axsetf.filepoint.live/assets/data/NSDEAXS2.04162026.csv,2026-04-16 14:47:50.359327+00:00,missing
2026-04-16,TSMG,,,,tradr_axs,https://axsetf.filepoint.live/assets/data/NSDEAXS2.04162026.csv,2026-04-16 14:47:50.359327+00:00,missing
2026-04-16,TSMU,,,,tradr_axs,https://axsetf.filepoint.live/assets/data/NSDEAXS2.04162026.csv,2026-04-16 14:47:50.359327+00:00,missing
2026-04-16,TSMX,,,,tradr_axs,https://axsetf.filepoint.live/assets/data/NSDEAXS2.04162026.csv,2026-04-16 14:47:50.359327+00:00,missing
2026-04-16,TSMY,,,,tradr_axs,https://axsetf.filepoint.live/assets/data/NSDEAXS2.04162026.csv,2026-04-16 14:47:50.359327+00:00,missing
2026-04-16,TSXD,,,,tradr_axs,https://axsetf.filepoint.live/assets/data/NSDEAXS2.04162026.csv,2026-04-16 14:47:50.359327+00:00,missing
2026-04-16,TSYW,,,,tradr_axs,https://axsetf.filepoint.live/assets/data/NSDEAXS2.04162026.csv,2026-04-16 14:47:50.359327+00:00,missing
2026-04-16,TSYY,,,,tradr_axs,https://axsetf.filepoint.live/assets/data/NSDEAXS2.04162026.csv,2026-04-16 14:47:50.359327+00:00,missing
2026-04-16,TTDU,,,,tradr_axs,https://axsetf.filepoint.live/assets/data/NSDEAXS2.04162026.csv,2026-04-16 14:47:50.359327+00:00,missing
2026-04-16,TTXD,,,,tradr_axs,https://axsetf.filepoint.live/assets/data/NSDEAXS2.04162026.csv,2026-04-16 14:47:50.359327+00:00,missing
2026-04-16,TWM,,,,tradr_axs,https://axsetf.filepoint.live/assets/data/NSDEAXS2.04162026.csv,2026-04-16 14:47:50.359327+00:00,missing
2026-04-16,TXNU,,,,tradr_axs,https://axsetf.filepoint.live/assets/data/NSDEAXS2.04162026.csv,2026-04-16 14:47:50.359327+00:00,missing
2026-04-16,TZA,,,,tradr_axs,https://axsetf.filepoint.live/assets/data/NSDEAXS2.04162026.csv,2026-04-16 14:47:50.359327+00:00,missing
2026-04-16,UBEW,,,,tradr_axs,https://axsetf.filepoint.live/assets/data/NSDEAXS2.04162026.csv,2026-04-16 14:47:50.359327+00:00,missing
2026-04-16,UBRL,,,,tradr_axs,https://axsetf.filepoint.live/assets/data/NSDEAXS2.04162026.csv,2026-04-16 14:47:50.359327+00:00,missing
2026-04-16,UECG,,,,tradr_axs,https://axsetf.filepoint.live/assets/data/NSDEAXS2.04162026.csv,2026-04-16 14:47:50.359327+00:00,missing
2026-04-16,UNHG,,,,tradr_axs,https://axsetf.filepoint.live/assets/data/NSDEAXS2.04162026.csv,2026-04-16 14:47:50.359327+00:00,missing
2026-04-16,UNHU,,,,tradr_axs,https://axsetf.filepoint.live/assets/data/NSDEAXS2.04162026.csv,2026-04-16 14:47:50.359327+00:00,missing
2026-04-16,UNHW,,,,tradr_axs,https://axsetf.filepoint.live/assets/data/NSDEAXS2.04162026.csv,2026-04-16 14:47:50.359327+00:00,missing
2026-04-16,UPSG,,,,tradr_axs,https://axsetf.filepoint.live/assets/data/NSDEAXS2.04162026.csv,2026-04-16 14:47:50.359327+00:00,missing
2026-04-16,URAA,,,,tradr_axs,https://axsetf.filepoint.live/assets/data/NSDEAXS2.04162026.csv,2026-04-16 14:47:50.359327+00:00,missing
2026-04-16,URTY,,,,tradr_axs,https://axsetf.filepoint.live/assets/data/NSDEAXS2.04162026.csv,2026-04-16 14:47:50.359327+00:00,missing
2026-04-16,USGG,,,,tradr_axs,https://axsetf.filepoint.live/assets/data/NSDEAXS2.04162026.csv,2026-04-16 14:47:50.359327+00:00,missing
2026-04-16,UUUG,,,,tradr_axs,https://axsetf.filepoint.live/assets/data/NSDEAXS2.04162026.csv,2026-04-16 14:47:50.359327+00:00,missing
2026-04-16,UXRP,,,,tradr_axs,https://axsetf.filepoint.live/assets/data/NSDEAXS2.04162026.csv,2026-04-16 14:47:50.359327+00:00,missing
2026-04-16,VALG,,,,tradr_axs,https://axsetf.filepoint.live/assets/data/NSDEAXS2.04162026.csv,2026-04-16 14:47:50.359327+00:00,missing
2026-04-16,VRTL,,,,tradr_axs,https://axsetf.filepoint.live/assets/data/NSDEAXS2.04162026.csv,2026-04-16 14:47:50.359327+00:00,missing
2026-04-16,WEBS,,,,tradr_axs,https://axsetf.filepoint.live/assets/data/NSDEAXS2.04162026.csv,2026-04-16 14:47:50.359327+00:00,missing
2026-04-16,XBTY,,,,tradr_axs,https://axsetf.filepoint.live/assets/data/NSDEAXS2.04162026.csv,2026-04-16 14:47:50.359327+00:00,missing
2026-04-16,XOMO,,,,tradr_axs,https://axsetf.filepoint.live/assets/data/NSDEAXS2.04162026.csv,2026-04-16 14:47:50.359327+00:00,missing
2026-04-16,XOMX,,,,tradr_axs,https://axsetf.filepoint.live/assets/data/NSDEAXS2.04162026.csv,2026-04-16 14:47:50.359327+00:00,missing
2026-04-16,XPEG,,,,tradr_axs,https://axsetf.filepoint.live/assets/data/NSDEAXS2.04162026.csv,2026-04-16 14:47:50.359327+00:00,missing
2026-04-16,XRPK,,,,tradr_axs,https://axsetf.filepoint.live/assets/data/NSDEAXS2.04162026.csv,2026-04-16 14:47:50.359327+00:00,missing
2026-04-16,XRPT,,,,tradr_axs,https://axsetf.filepoint.live/assets/data/NSDEAXS2.04162026.csv,2026-04-16 14:47:50.359327+00:00,missing
2026-04-16,XXRP,,,,tradr_axs,https://axsetf.filepoint.live/assets/data/NSDEAXS2.04162026.csv,2026-04-16 14:47:50.359327+00:00,missing
2026-04-16,XYLD,,,,tradr_axs,https://axsetf.filepoint.live/assets/data/NSDEAXS2.04162026.csv,2026-04-16 14:47:50.359327+00:00,missing
2026-04-16,XYLG,,,,tradr_axs,https://axsetf.filepoint.live/assets/data/NSDEAXS2.04162026.csv,2026-04-16 14:47:50.359327+00:00,missing
2026-04-16,XYZG,,,,tradr_axs,https://axsetf.filepoint.live/assets/data/NSDEAXS2.04162026.csv,2026-04-16 14:47:50.359327+00:00,missing
2026-04-16,XYZY,,,,tradr_axs,https://axsetf.filepoint.live/assets/data/NSDEAXS2.04162026.csv,2026-04-16 14:47:50.359327+00:00,missing
2026-04-16,YINN,,,,tradr_axs,https://axsetf.filepoint.live/assets/data/NSDEAXS2.04162026.csv,2026-04-16 14:47:50.359327+00:00,missing
2026-04-16,YSPY,,,,tradr_axs,https://axsetf.filepoint.live/assets/data/NSDEAXS2.04162026.csv,2026-04-16 14:47:50.359327+00:00,missing
2026-04-16,ZETX,,,,tradr_axs,https://axsetf.filepoint.live/assets/data/NSDEAXS2.04162026.csv,2026-04-16 14:47:50.359327+00:00,missing
2026-04-16,ZSL,,,,tradr_axs,https://axsetf.filepoint.live/assets/data/NSDEAXS2.04162026.csv,2026-04-16 14:47:50.359327+00:00,missing
